   ,methodName, Error, time
1, sendPakege, name 'Machine' is not defined, 10/06/2022 16:40:48
2, main, name 'Machine' is not defined, 10/06/2022 16:40:48
3, sendPakege, name 'Machine' is not defined, 10/06/2022 16:41:33
4, main, name 'Machine' is not defined, 10/06/2022 16:41:33
5, sendPakege, name 'Machine' is not defined, 10/06/2022 16:43:06
6, main, name 'Machine' is not defined, 10/06/2022 16:43:06
7, recive, [WinError 10054] An existing connection was forcibly closed by the remote host, 10/18/2022 15:32:29
8, recive, [WinError 10054] An existing connection was forcibly closed by the remote host, 10/18/2022 15:32:29
9, recive, [WinError 10054] An existing connection was forcibly closed by the remote host, 10/18/2022 15:32:29
10, recive, [WinError 10054] An existing connection was forcibly closed by the remote host, 10/18/2022 15:32:29
11, recive, [WinError 10054] An existing connection was forcibly closed by the remote host, 10/18/2022 15:32:29
12, recive, [WinError 10054] An existing connection was forcibly closed by the remote host, 10/18/2022 15:32:29
13, recive, [WinError 10054] An existing connection was forcibly closed by the remote host, 10/18/2022 15:32:29
14, recive, [WinError 10054] An existing connection was forcibly closed by the remote host, 10/18/2022 15:32:29
15, recive, [WinError 10054] An existing connection was forcibly closed by the remote host, 10/18/2022 15:32:29
16, recive, [WinError 10054] An existing connection was forcibly closed by the remote host, 10/18/2022 15:32:29
17, recive, [WinError 10054] An existing connection was forcibly closed by the remote host, 10/18/2022 15:32:29
18, recive, [WinError 10054] An existing connection was forcibly closed by the remote host, 10/18/2022 15:32:29
19, recive, [WinError 10054] An existing connection was forcibly closed by the remote host, 10/18/2022 15:32:29
20, recive, [WinError 10054] An existing connection was forcibly closed by the remote host, 10/18/2022 15:32:29
21, recive, [WinError 10054] An existing connection was forcibly closed by the remote host, 10/18/2022 15:32:29
22, recive, [WinError 10054] An existing connection was forcibly closed by the remote host, 10/18/2022 15:32:29
23, recive, [WinError 10054] An existing connection was forcibly closed by the remote host, 10/18/2022 15:32:29
24, recive, [WinError 10054] An existing connection was forcibly closed by the remote host, 10/18/2022 15:32:29
25, recive, [WinError 10054] An existing connection was forcibly closed by the remote host, 10/18/2022 15:32:29
26, recive, [WinError 10054] An existing connection was forcibly closed by the remote host, 10/18/2022 15:32:29
27, recive, [WinError 10054] An existing connection was forcibly closed by the remote host, 10/18/2022 15:32:29
28, recive, [WinError 10054] An existing connection was forcibly closed by the remote host, 10/18/2022 15:32:29
29, recive, [WinError 10054] An existing connection was forcibly closed by the remote host, 10/18/2022 15:32:29
30, recive, [WinError 10054] An existing connection was forcibly closed by the remote host, 10/18/2022 15:32:29
31, recive, [WinError 10054] An existing connection was forcibly closed by the remote host, 10/18/2022 15:32:29
32, recive, [WinError 10054] An existing connection was forcibly closed by the remote host, 10/18/2022 15:32:29
33, recive, [WinError 10054] An existing connection was forcibly closed by the remote host, 10/18/2022 15:32:29
34, recive, [WinError 10054] An existing connection was forcibly closed by the remote host, 10/18/2022 15:32:29
35, recive, [WinError 10054] An existing connection was forcibly closed by the remote host, 10/18/2022 15:32:29
36, recive, [WinError 10054] An existing connection was forcibly closed by the remote host, 10/18/2022 15:32:29
37, recive, [WinError 10054] An existing connection was forcibly closed by the remote host, 10/18/2022 15:32:29
38, recive, [WinError 10054] An existing connection was forcibly closed by the remote host, 10/18/2022 15:32:29
39, recive, [WinError 10054] An existing connection was forcibly closed by the remote host, 10/18/2022 15:32:29
40, recive, [WinError 10054] An existing connection was forcibly closed by the remote host, 10/18/2022 15:32:29
41, recive, [WinError 10054] An existing connection was forcibly closed by the remote host, 10/18/2022 15:32:29
42, recive, [WinError 10054] An existing connection was forcibly closed by the remote host, 10/18/2022 15:32:29
43, recive, [WinError 10054] An existing connection was forcibly closed by the remote host, 10/18/2022 15:32:29
44, recive, [WinError 10054] An existing connection was forcibly closed by the remote host, 10/18/2022 15:32:29
45, recive, [WinError 10054] An existing connection was forcibly closed by the remote host, 10/18/2022 15:32:29
46, recive, [WinError 10054] An existing connection was forcibly closed by the remote host, 10/18/2022 15:32:29
47, recive, [WinError 10054] An existing connection was forcibly closed by the remote host, 10/18/2022 15:32:29
48, recive, [WinError 10054] An existing connection was forcibly closed by the remote host, 10/18/2022 15:32:29
49, recive, [WinError 10054] An existing connection was forcibly closed by the remote host, 10/18/2022 15:32:29
50, recive, [WinError 10054] An existing connection was forcibly closed by the remote host, 10/18/2022 15:32:29
51, recive, [WinError 10054] An existing connection was forcibly closed by the remote host, 10/18/2022 15:32:29
52, recive, [WinError 10054] An existing connection was forcibly closed by the remote host, 10/18/2022 15:32:29
53, recive, [WinError 10054] An existing connection was forcibly closed by the remote host, 10/18/2022 15:32:29
54, recive, [WinError 10054] An existing connection was forcibly closed by the remote host, 10/18/2022 15:32:29
55, recive, [WinError 10054] An existing connection was forcibly closed by the remote host, 10/18/2022 15:32:29
56, recive, [WinError 10054] An existing connection was forcibly closed by the remote host, 10/18/2022 15:32:29
57, recive, [WinError 10054] An existing connection was forcibly closed by the remote host, 10/18/2022 15:32:29
58, recive, [WinError 10054] An existing connection was forcibly closed by the remote host, 10/18/2022 15:32:29
59, recive, [WinError 10054] An existing connection was forcibly closed by the remote host, 10/18/2022 15:32:29
60, recive, [WinError 10054] An existing connection was forcibly closed by the remote host, 10/18/2022 15:32:29
61, recive, [WinError 10054] An existing connection was forcibly closed by the remote host, 10/18/2022 15:32:29
62, recive, [WinError 10054] An existing connection was forcibly closed by the remote host, 10/18/2022 15:32:29
63, recive, [WinError 10054] An existing connection was forcibly closed by the remote host, 10/18/2022 15:32:29
64, recive, [WinError 10054] An existing connection was forcibly closed by the remote host, 10/18/2022 15:32:29
65, recive, [WinError 10054] An existing connection was forcibly closed by the remote host, 10/18/2022 15:32:29
66, recive, [WinError 10054] An existing connection was forcibly closed by the remote host, 10/18/2022 15:32:29
67, recive, [WinError 10054] An existing connection was forcibly closed by the remote host, 10/18/2022 15:32:29
68, recive, [WinError 10054] An existing connection was forcibly closed by the remote host, 10/18/2022 15:32:29
69, recive, [WinError 10054] An existing connection was forcibly closed by the remote host, 10/18/2022 15:32:29
70, recive, [WinError 10054] An existing connection was forcibly closed by the remote host, 10/18/2022 15:32:29
71, recive, [WinError 10054] An existing connection was forcibly closed by the remote host, 10/18/2022 15:32:29
72, recive, [WinError 10054] An existing connection was forcibly closed by the remote host, 10/18/2022 15:32:29
73, recive, [WinError 10054] An existing connection was forcibly closed by the remote host, 10/18/2022 15:32:29
74, recive, [WinError 10054] An existing connection was forcibly closed by the remote host, 10/18/2022 15:32:29
75, recive, [WinError 10054] An existing connection was forcibly closed by the remote host, 10/18/2022 15:32:29
76, recive, [WinError 10054] An existing connection was forcibly closed by the remote host, 10/18/2022 15:32:29
77, recive, [WinError 10054] An existing connection was forcibly closed by the remote host, 10/18/2022 15:32:29
78, recive, [WinError 10054] An existing connection was forcibly closed by the remote host, 10/18/2022 15:32:29
79, recive, [WinError 10054] An existing connection was forcibly closed by the remote host, 10/18/2022 15:32:29
80, recive, [WinError 10054] An existing connection was forcibly closed by the remote host, 10/18/2022 15:32:29
81, recive, [WinError 10054] An existing connection was forcibly closed by the remote host, 10/18/2022 15:32:29
82, recive, [WinError 10054] An existing connection was forcibly closed by the remote host, 10/18/2022 15:32:29
83, recive, [WinError 10054] An existing connection was forcibly closed by the remote host, 10/18/2022 15:32:29
84, recive, [WinError 10054] An existing connection was forcibly closed by the remote host, 10/18/2022 15:32:29
85, recive, [WinError 10054] An existing connection was forcibly closed by the remote host, 10/18/2022 15:32:29
86, recive, [WinError 10054] An existing connection was forcibly closed by the remote host, 10/18/2022 15:32:29
87, recive, [WinError 10054] An existing connection was forcibly closed by the remote host, 10/18/2022 15:32:29
88, recive, [WinError 10054] An existing connection was forcibly closed by the remote host, 10/18/2022 15:32:29
89, recive, [WinError 10054] An existing connection was forcibly closed by the remote host, 10/18/2022 15:32:29
90, recive, [WinError 10054] An existing connection was forcibly closed by the remote host, 10/18/2022 15:32:29
91, recive, [WinError 10054] An existing connection was forcibly closed by the remote host, 10/18/2022 15:32:29
92, recive, [WinError 10054] An existing connection was forcibly closed by the remote host, 10/18/2022 15:32:29
93, recive, [WinError 10054] An existing connection was forcibly closed by the remote host, 10/18/2022 15:32:29
94, recive, [WinError 10054] An existing connection was forcibly closed by the remote host, 10/18/2022 15:32:29
95, recive, [WinError 10054] An existing connection was forcibly closed by the remote host, 10/18/2022 15:32:29
96, recive, [WinError 10054] An existing connection was forcibly closed by the remote host, 10/18/2022 15:32:29
97, recive, [WinError 10054] An existing connection was forcibly closed by the remote host, 10/18/2022 15:32:29
98, recive, [WinError 10054] An existing connection was forcibly closed by the remote host, 10/18/2022 15:32:29
99, recive, [WinError 10054] An existing connection was forcibly closed by the remote host, 10/18/2022 15:32:29
100, recive, [WinError 10054] An existing connection was forcibly closed by the remote host, 10/18/2022 15:32:29
101, recive, [WinError 10054] An existing connection was forcibly closed by the remote host, 10/18/2022 15:32:29
102, recive, [WinError 10054] An existing connection was forcibly closed by the remote host, 10/18/2022 15:32:29
103, recive, [WinError 10054] An existing connection was forcibly closed by the remote host, 10/18/2022 15:32:29
104, recive, [WinError 10054] An existing connection was forcibly closed by the remote host, 10/18/2022 15:32:29
105, recive, [WinError 10054] An existing connection was forcibly closed by the remote host, 10/18/2022 15:32:29
106, recive, [WinError 10054] An existing connection was forcibly closed by the remote host, 10/18/2022 15:32:29
107, recive, [WinError 10054] An existing connection was forcibly closed by the remote host, 10/18/2022 15:32:29
108, recive, [WinError 10054] An existing connection was forcibly closed by the remote host, 10/18/2022 15:32:29
109, recive, [WinError 10054] An existing connection was forcibly closed by the remote host, 10/18/2022 15:32:29
110, recive, [WinError 10054] An existing connection was forcibly closed by the remote host, 10/18/2022 15:32:29
111, recive, [WinError 10054] An existing connection was forcibly closed by the remote host, 10/18/2022 15:32:29
112, recive, [WinError 10054] An existing connection was forcibly closed by the remote host, 10/18/2022 15:32:29
113, recive, [WinError 10054] An existing connection was forcibly closed by the remote host, 10/18/2022 15:32:29
114, recive, [WinError 10054] An existing connection was forcibly closed by the remote host, 10/18/2022 15:32:29
115, recive, [WinError 10054] An existing connection was forcibly closed by the remote host, 10/18/2022 15:32:29
116, recive, [WinError 10054] An existing connection was forcibly closed by the remote host, 10/18/2022 15:32:29
117, recive, [WinError 10054] An existing connection was forcibly closed by the remote host, 10/18/2022 15:32:29
118, recive, [WinError 10054] An existing connection was forcibly closed by the remote host, 10/18/2022 15:32:30
119, recive, [WinError 10054] An existing connection was forcibly closed by the remote host, 10/18/2022 15:32:30
120, recive, [WinError 10054] An existing connection was forcibly closed by the remote host, 10/18/2022 15:32:30
121, recive, [WinError 10054] An existing connection was forcibly closed by the remote host, 10/18/2022 15:32:30
122, recive, [WinError 10054] An existing connection was forcibly closed by the remote host, 10/18/2022 15:32:30
123, recive, [WinError 10054] An existing connection was forcibly closed by the remote host, 10/18/2022 15:32:30
124, recive, [WinError 10054] An existing connection was forcibly closed by the remote host, 10/18/2022 15:32:30
125, recive, [WinError 10054] An existing connection was forcibly closed by the remote host, 10/18/2022 15:32:30
126, recive, [WinError 10054] An existing connection was forcibly closed by the remote host, 10/18/2022 15:32:30
127, recive, [WinError 10054] An existing connection was forcibly closed by the remote host, 10/18/2022 15:32:30
128, recive, [WinError 10054] An existing connection was forcibly closed by the remote host, 10/18/2022 15:32:30
129, recive, [WinError 10054] An existing connection was forcibly closed by the remote host, 10/18/2022 15:32:30
130, recive, [WinError 10054] An existing connection was forcibly closed by the remote host, 10/18/2022 15:32:30
131, recive, [WinError 10054] An existing connection was forcibly closed by the remote host, 10/18/2022 15:32:30
132, recive, [WinError 10054] An existing connection was forcibly closed by the remote host, 10/18/2022 15:32:30
133, recive, [WinError 10054] An existing connection was forcibly closed by the remote host, 10/18/2022 15:32:30
134, recive, [WinError 10054] An existing connection was forcibly closed by the remote host, 10/18/2022 15:32:30
135, recive, [WinError 10054] An existing connection was forcibly closed by the remote host, 10/18/2022 15:32:30
136, recive, [WinError 10054] An existing connection was forcibly closed by the remote host, 10/18/2022 15:32:30
137, recive, [WinError 10054] An existing connection was forcibly closed by the remote host, 10/18/2022 15:32:30
138, recive, [WinError 10054] An existing connection was forcibly closed by the remote host, 10/18/2022 15:32:30
139, recive, [WinError 10054] An existing connection was forcibly closed by the remote host, 10/18/2022 15:32:30
140, recive, [WinError 10054] An existing connection was forcibly closed by the remote host, 10/18/2022 15:32:30
141, recive, [WinError 10054] An existing connection was forcibly closed by the remote host, 10/18/2022 15:32:30
142, recive, [WinError 10054] An existing connection was forcibly closed by the remote host, 10/18/2022 15:32:30
143, recive, [WinError 10054] An existing connection was forcibly closed by the remote host, 10/18/2022 15:32:30
144, recive, [WinError 10054] An existing connection was forcibly closed by the remote host, 10/18/2022 15:32:30
145, recive, [WinError 10054] An existing connection was forcibly closed by the remote host, 10/18/2022 15:32:30
146, recive, [WinError 10054] An existing connection was forcibly closed by the remote host, 10/18/2022 15:32:30
147, recive, [WinError 10054] An existing connection was forcibly closed by the remote host, 10/18/2022 15:32:30
148, recive, [WinError 10054] An existing connection was forcibly closed by the remote host, 10/18/2022 15:32:30
149, recive, [WinError 10054] An existing connection was forcibly closed by the remote host, 10/18/2022 15:32:30
150, recive, [WinError 10054] An existing connection was forcibly closed by the remote host, 10/18/2022 15:32:30
151, recive, [WinError 10054] An existing connection was forcibly closed by the remote host, 10/18/2022 15:32:30
152, recive, [WinError 10054] An existing connection was forcibly closed by the remote host, 10/18/2022 15:32:30
153, recive, [WinError 10054] An existing connection was forcibly closed by the remote host, 10/18/2022 15:32:30
154, recive, [WinError 10054] An existing connection was forcibly closed by the remote host, 10/18/2022 15:32:30
155, recive, [WinError 10054] An existing connection was forcibly closed by the remote host, 10/18/2022 15:32:30
156, recive, [WinError 10054] An existing connection was forcibly closed by the remote host, 10/18/2022 15:32:30
157, recive, [WinError 10054] An existing connection was forcibly closed by the remote host, 10/18/2022 15:32:30
158, recive, [WinError 10054] An existing connection was forcibly closed by the remote host, 10/18/2022 15:32:30
159, recive, [WinError 10054] An existing connection was forcibly closed by the remote host, 10/18/2022 15:32:30
160, recive, [WinError 10054] An existing connection was forcibly closed by the remote host, 10/18/2022 15:32:30
161, recive, [WinError 10054] An existing connection was forcibly closed by the remote host, 10/18/2022 15:32:30
162, recive, [WinError 10054] An existing connection was forcibly closed by the remote host, 10/18/2022 15:32:30
163, recive, [WinError 10054] An existing connection was forcibly closed by the remote host, 10/18/2022 15:32:30
164, recive, [WinError 10054] An existing connection was forcibly closed by the remote host, 10/18/2022 15:32:30
165, recive, [WinError 10054] An existing connection was forcibly closed by the remote host, 10/18/2022 15:32:30
166, recive, [WinError 10054] An existing connection was forcibly closed by the remote host, 10/18/2022 15:32:30
167, recive, [WinError 10054] An existing connection was forcibly closed by the remote host, 10/18/2022 15:32:30
168, recive, [WinError 10054] An existing connection was forcibly closed by the remote host, 10/18/2022 15:32:30
169, recive, [WinError 10054] An existing connection was forcibly closed by the remote host, 10/18/2022 15:32:30
170, recive, [WinError 10054] An existing connection was forcibly closed by the remote host, 10/18/2022 15:32:30
171, recive, [WinError 10054] An existing connection was forcibly closed by the remote host, 10/18/2022 15:32:30
172, recive, [WinError 10054] An existing connection was forcibly closed by the remote host, 10/18/2022 15:32:30
173, recive, [WinError 10054] An existing connection was forcibly closed by the remote host, 10/18/2022 15:32:30
174, recive, [WinError 10054] An existing connection was forcibly closed by the remote host, 10/18/2022 15:32:30
175, recive, [WinError 10054] An existing connection was forcibly closed by the remote host, 10/18/2022 15:32:30
176, recive, [WinError 10054] An existing connection was forcibly closed by the remote host, 10/18/2022 15:32:30
177, recive, [WinError 10054] An existing connection was forcibly closed by the remote host, 10/18/2022 15:32:30
178, recive, [WinError 10054] An existing connection was forcibly closed by the remote host, 10/18/2022 15:32:30
179, recive, [WinError 10054] An existing connection was forcibly closed by the remote host, 10/18/2022 15:32:30
180, recive, [WinError 10054] An existing connection was forcibly closed by the remote host, 10/18/2022 15:32:30
181, recive, [WinError 10054] An existing connection was forcibly closed by the remote host, 10/18/2022 15:32:30
182, recive, [WinError 10054] An existing connection was forcibly closed by the remote host, 10/18/2022 15:32:30
183, recive, [WinError 10054] An existing connection was forcibly closed by the remote host, 10/18/2022 15:32:30
184, recive, [WinError 10054] An existing connection was forcibly closed by the remote host, 10/18/2022 15:32:30
185, recive, [WinError 10054] An existing connection was forcibly closed by the remote host, 10/18/2022 15:32:30
186, recive, [WinError 10054] An existing connection was forcibly closed by the remote host, 10/18/2022 15:32:30
187, recive, [WinError 10054] An existing connection was forcibly closed by the remote host, 10/18/2022 15:32:30
188, recive, [WinError 10054] An existing connection was forcibly closed by the remote host, 10/18/2022 15:32:30
189, recive, [WinError 10054] An existing connection was forcibly closed by the remote host, 10/18/2022 15:32:30
190, recive, [WinError 10054] An existing connection was forcibly closed by the remote host, 10/18/2022 15:32:30
191, recive, [WinError 10054] An existing connection was forcibly closed by the remote host, 10/18/2022 15:32:30
192, recive, [WinError 10054] An existing connection was forcibly closed by the remote host, 10/18/2022 15:32:30
193, recive, [WinError 10054] An existing connection was forcibly closed by the remote host, 10/18/2022 15:32:30
194, recive, [WinError 10054] An existing connection was forcibly closed by the remote host, 10/18/2022 15:32:30
195, recive, [WinError 10054] An existing connection was forcibly closed by the remote host, 10/18/2022 15:32:30
196, recive, [WinError 10054] An existing connection was forcibly closed by the remote host, 10/18/2022 15:32:30
197, recive, [WinError 10054] An existing connection was forcibly closed by the remote host, 10/18/2022 15:32:30
198, recive, [WinError 10054] An existing connection was forcibly closed by the remote host, 10/18/2022 15:32:30
199, recive, [WinError 10054] An existing connection was forcibly closed by the remote host, 10/18/2022 15:32:30
200, recive, [WinError 10054] An existing connection was forcibly closed by the remote host, 10/18/2022 15:32:30
201, recive, [WinError 10054] An existing connection was forcibly closed by the remote host, 10/18/2022 15:32:30
202, recive, [WinError 10054] An existing connection was forcibly closed by the remote host, 10/18/2022 15:32:30
203, recive, [WinError 10054] An existing connection was forcibly closed by the remote host, 10/18/2022 15:32:30
204, recive, [WinError 10054] An existing connection was forcibly closed by the remote host, 10/18/2022 15:32:30
205, recive, [WinError 10054] An existing connection was forcibly closed by the remote host, 10/18/2022 15:32:30
206, recive, [WinError 10054] An existing connection was forcibly closed by the remote host, 10/18/2022 15:32:30
207, recive, [WinError 10054] An existing connection was forcibly closed by the remote host, 10/18/2022 15:32:30
208, recive, [WinError 10054] An existing connection was forcibly closed by the remote host, 10/18/2022 15:32:30
209, recive, [WinError 10054] An existing connection was forcibly closed by the remote host, 10/18/2022 15:32:30
210, recive, [WinError 10054] An existing connection was forcibly closed by the remote host, 10/18/2022 15:32:30
211, recive, [WinError 10054] An existing connection was forcibly closed by the remote host, 10/18/2022 15:32:30
212, recive, [WinError 10054] An existing connection was forcibly closed by the remote host, 10/18/2022 15:32:30
213, recive, [WinError 10054] An existing connection was forcibly closed by the remote host, 10/18/2022 15:32:30
214, recive, [WinError 10054] An existing connection was forcibly closed by the remote host, 10/18/2022 15:32:30
215, recive, [WinError 10054] An existing connection was forcibly closed by the remote host, 10/18/2022 15:32:30
216, recive, [WinError 10054] An existing connection was forcibly closed by the remote host, 10/18/2022 15:32:30
217, recive, [WinError 10054] An existing connection was forcibly closed by the remote host, 10/18/2022 15:32:30
218, recive, [WinError 10054] An existing connection was forcibly closed by the remote host, 10/18/2022 15:32:30
219, recive, [WinError 10054] An existing connection was forcibly closed by the remote host, 10/18/2022 15:32:30
220, recive, [WinError 10054] An existing connection was forcibly closed by the remote host, 10/18/2022 15:32:30
221, recive, [WinError 10054] An existing connection was forcibly closed by the remote host, 10/18/2022 15:32:30
222, recive, [WinError 10054] An existing connection was forcibly closed by the remote host, 10/18/2022 15:32:30
223, recive, [WinError 10054] An existing connection was forcibly closed by the remote host, 10/18/2022 15:32:30
224, recive, [WinError 10054] An existing connection was forcibly closed by the remote host, 10/18/2022 15:32:30
225, recive, [WinError 10054] An existing connection was forcibly closed by the remote host, 10/18/2022 15:32:30
226, recive, [WinError 10054] An existing connection was forcibly closed by the remote host, 10/18/2022 15:32:30
227, recive, [WinError 10054] An existing connection was forcibly closed by the remote host, 10/18/2022 15:32:30
228, recive, [WinError 10054] An existing connection was forcibly closed by the remote host, 10/18/2022 15:32:30
229, recive, [WinError 10054] An existing connection was forcibly closed by the remote host, 10/18/2022 15:32:30
230, recive, [WinError 10054] An existing connection was forcibly closed by the remote host, 10/18/2022 15:32:30
231, recive, [WinError 10054] An existing connection was forcibly closed by the remote host, 10/18/2022 15:32:31
232, recive, [WinError 10054] An existing connection was forcibly closed by the remote host, 10/18/2022 15:32:31
233, recive, [WinError 10054] An existing connection was forcibly closed by the remote host, 10/18/2022 15:32:31
234, recive, [WinError 10054] An existing connection was forcibly closed by the remote host, 10/18/2022 15:32:31
235, recive, [WinError 10054] An existing connection was forcibly closed by the remote host, 10/18/2022 15:32:31
236, recive, [WinError 10054] An existing connection was forcibly closed by the remote host, 10/18/2022 15:32:31
237, recive, [WinError 10054] An existing connection was forcibly closed by the remote host, 10/18/2022 15:32:31
238, recive, [WinError 10054] An existing connection was forcibly closed by the remote host, 10/18/2022 15:32:31
239, recive, [WinError 10054] An existing connection was forcibly closed by the remote host, 10/18/2022 15:32:31
240, recive, [WinError 10054] An existing connection was forcibly closed by the remote host, 10/18/2022 15:32:31
241, recive, [WinError 10054] An existing connection was forcibly closed by the remote host, 10/18/2022 15:32:31
242, recive, [WinError 10054] An existing connection was forcibly closed by the remote host, 10/18/2022 15:32:31
243, recive, [WinError 10054] An existing connection was forcibly closed by the remote host, 10/18/2022 15:32:31
244, recive, [WinError 10054] An existing connection was forcibly closed by the remote host, 10/18/2022 15:32:31
245, recive, [WinError 10054] An existing connection was forcibly closed by the remote host, 10/18/2022 15:32:31
246, recive, [WinError 10054] An existing connection was forcibly closed by the remote host, 10/18/2022 15:32:31
247, recive, [WinError 10054] An existing connection was forcibly closed by the remote host, 10/18/2022 15:32:31
248, recive, [WinError 10054] An existing connection was forcibly closed by the remote host, 10/18/2022 15:32:31
249, recive, [WinError 10054] An existing connection was forcibly closed by the remote host, 10/18/2022 15:32:31
250, recive, [WinError 10054] An existing connection was forcibly closed by the remote host, 10/18/2022 15:32:31
251, recive, [WinError 10054] An existing connection was forcibly closed by the remote host, 10/18/2022 15:32:31
252, recive, [WinError 10054] An existing connection was forcibly closed by the remote host, 10/18/2022 15:32:31
253, recive, [WinError 10054] An existing connection was forcibly closed by the remote host, 10/18/2022 15:32:31
254, recive, [WinError 10054] An existing connection was forcibly closed by the remote host, 10/18/2022 15:32:31
255, recive, [WinError 10054] An existing connection was forcibly closed by the remote host, 10/18/2022 15:32:31
256, recive, [WinError 10054] An existing connection was forcibly closed by the remote host, 10/18/2022 15:32:31
257, recive, [WinError 10054] An existing connection was forcibly closed by the remote host, 10/18/2022 15:32:31
258, recive, [WinError 10054] An existing connection was forcibly closed by the remote host, 10/18/2022 15:32:31
259, recive, [WinError 10054] An existing connection was forcibly closed by the remote host, 10/18/2022 15:32:31
260, recive, [WinError 10054] An existing connection was forcibly closed by the remote host, 10/18/2022 15:32:31
261, recive, [WinError 10054] An existing connection was forcibly closed by the remote host, 10/18/2022 15:32:31
262, recive, [WinError 10054] An existing connection was forcibly closed by the remote host, 10/18/2022 15:32:31
263, recive, [WinError 10054] An existing connection was forcibly closed by the remote host, 10/18/2022 15:32:31
264, recive, [WinError 10054] An existing connection was forcibly closed by the remote host, 10/18/2022 15:32:31
265, recive, [WinError 10054] An existing connection was forcibly closed by the remote host, 10/18/2022 15:32:31
266, recive, [WinError 10054] An existing connection was forcibly closed by the remote host, 10/18/2022 15:32:31
267, recive, [WinError 10054] An existing connection was forcibly closed by the remote host, 10/18/2022 15:32:31
268, recive, [WinError 10054] An existing connection was forcibly closed by the remote host, 10/18/2022 15:32:31
269, recive, [WinError 10054] An existing connection was forcibly closed by the remote host, 10/18/2022 15:32:31
270, recive, [WinError 10054] An existing connection was forcibly closed by the remote host, 10/18/2022 15:32:31
271, recive, [WinError 10054] An existing connection was forcibly closed by the remote host, 10/18/2022 15:32:31
272, recive, [WinError 10054] An existing connection was forcibly closed by the remote host, 10/18/2022 15:32:31
273, recive, [WinError 10054] An existing connection was forcibly closed by the remote host, 10/18/2022 15:32:31
274, recive, [WinError 10054] An existing connection was forcibly closed by the remote host, 10/18/2022 15:32:31
275, recive, [WinError 10054] An existing connection was forcibly closed by the remote host, 10/18/2022 15:32:31
276, recive, [WinError 10054] An existing connection was forcibly closed by the remote host, 10/18/2022 15:32:31
277, recive, [WinError 10054] An existing connection was forcibly closed by the remote host, 10/18/2022 15:32:31
278, recive, [WinError 10054] An existing connection was forcibly closed by the remote host, 10/18/2022 15:32:31
279, recive, [WinError 10054] An existing connection was forcibly closed by the remote host, 10/18/2022 15:32:31
280, recive, [WinError 10054] An existing connection was forcibly closed by the remote host, 10/18/2022 15:32:31
281, recive, [WinError 10054] An existing connection was forcibly closed by the remote host, 10/18/2022 15:32:31
282, recive, [WinError 10054] An existing connection was forcibly closed by the remote host, 10/18/2022 15:32:31
283, recive, [WinError 10054] An existing connection was forcibly closed by the remote host, 10/18/2022 15:32:31
284, recive, [WinError 10054] An existing connection was forcibly closed by the remote host, 10/18/2022 15:32:31
285, recive, [WinError 10054] An existing connection was forcibly closed by the remote host, 10/18/2022 15:32:31
286, recive, [WinError 10054] An existing connection was forcibly closed by the remote host, 10/18/2022 15:32:31
287, recive, [WinError 10054] An existing connection was forcibly closed by the remote host, 10/18/2022 15:32:31
288, recive, [WinError 10054] An existing connection was forcibly closed by the remote host, 10/18/2022 15:32:31
289, recive, [WinError 10054] An existing connection was forcibly closed by the remote host, 10/18/2022 15:32:31
290, recive, [WinError 10054] An existing connection was forcibly closed by the remote host, 10/18/2022 15:32:31
291, recive, [WinError 10054] An existing connection was forcibly closed by the remote host, 10/18/2022 15:32:31
292, recive, [WinError 10054] An existing connection was forcibly closed by the remote host, 10/18/2022 15:32:31
293, recive, [WinError 10054] An existing connection was forcibly closed by the remote host, 10/18/2022 15:32:31
294, recive, [WinError 10054] An existing connection was forcibly closed by the remote host, 10/18/2022 15:32:31
295, recive, [WinError 10054] An existing connection was forcibly closed by the remote host, 10/18/2022 15:32:31
296, recive, [WinError 10054] An existing connection was forcibly closed by the remote host, 10/18/2022 15:32:31
297, recive, [WinError 10054] An existing connection was forcibly closed by the remote host, 10/18/2022 15:32:31
298, recive, [WinError 10054] An existing connection was forcibly closed by the remote host, 10/18/2022 15:32:31
299, recive, [WinError 10054] An existing connection was forcibly closed by the remote host, 10/18/2022 15:32:31
300, recive, [WinError 10054] An existing connection was forcibly closed by the remote host, 10/18/2022 15:32:31
301, recive, [WinError 10054] An existing connection was forcibly closed by the remote host, 10/18/2022 15:32:31
302, recive, [WinError 10054] An existing connection was forcibly closed by the remote host, 10/18/2022 15:32:31
303, recive, [WinError 10054] An existing connection was forcibly closed by the remote host, 10/18/2022 15:32:31
304, recive, [WinError 10054] An existing connection was forcibly closed by the remote host, 10/18/2022 15:32:31
305, recive, [WinError 10054] An existing connection was forcibly closed by the remote host, 10/18/2022 15:32:31
306, recive, [WinError 10054] An existing connection was forcibly closed by the remote host, 10/18/2022 15:32:31
307, recive, [WinError 10054] An existing connection was forcibly closed by the remote host, 10/18/2022 15:32:31
308, recive, [WinError 10054] An existing connection was forcibly closed by the remote host, 10/18/2022 15:32:31
309, recive, [WinError 10054] An existing connection was forcibly closed by the remote host, 10/18/2022 15:32:31
310, recive, [WinError 10054] An existing connection was forcibly closed by the remote host, 10/18/2022 15:32:31
311, recive, [WinError 10054] An existing connection was forcibly closed by the remote host, 10/18/2022 15:32:31
312, recive, [WinError 10054] An existing connection was forcibly closed by the remote host, 10/18/2022 15:32:31
313, recive, [WinError 10054] An existing connection was forcibly closed by the remote host, 10/18/2022 15:32:31
314, recive, [WinError 10054] An existing connection was forcibly closed by the remote host, 10/18/2022 15:32:31
315, recive, [WinError 10054] An existing connection was forcibly closed by the remote host, 10/18/2022 15:32:31
316, recive, [WinError 10054] An existing connection was forcibly closed by the remote host, 10/18/2022 15:32:32
317, recive, [WinError 10054] An existing connection was forcibly closed by the remote host, 10/18/2022 15:32:32
318, recive, [WinError 10054] An existing connection was forcibly closed by the remote host, 10/18/2022 15:32:32
319, recive, [WinError 10054] An existing connection was forcibly closed by the remote host, 10/18/2022 15:32:32
320, recive, [WinError 10054] An existing connection was forcibly closed by the remote host, 10/18/2022 15:32:32
321, recive, [WinError 10054] An existing connection was forcibly closed by the remote host, 10/18/2022 15:32:32
322, recive, [WinError 10054] An existing connection was forcibly closed by the remote host, 10/18/2022 15:32:32
323, recive, [WinError 10054] An existing connection was forcibly closed by the remote host, 10/18/2022 15:32:32
324, recive, [WinError 10054] An existing connection was forcibly closed by the remote host, 10/18/2022 15:32:32
325, recive, [WinError 10054] An existing connection was forcibly closed by the remote host, 10/18/2022 15:32:32
326, recive, [WinError 10054] An existing connection was forcibly closed by the remote host, 10/18/2022 15:32:32
327, recive, [WinError 10054] An existing connection was forcibly closed by the remote host, 10/18/2022 15:32:32
328, recive, [WinError 10054] An existing connection was forcibly closed by the remote host, 10/18/2022 15:32:32
329, recive, [WinError 10054] An existing connection was forcibly closed by the remote host, 10/18/2022 15:32:32
330, recive, [WinError 10054] An existing connection was forcibly closed by the remote host, 10/18/2022 15:32:32
331, recive, [WinError 10054] An existing connection was forcibly closed by the remote host, 10/18/2022 15:32:32
332, recive, [WinError 10054] An existing connection was forcibly closed by the remote host, 10/18/2022 15:32:32
333, recive, [WinError 10054] An existing connection was forcibly closed by the remote host, 10/18/2022 15:32:32
334, recive, [WinError 10054] An existing connection was forcibly closed by the remote host, 10/18/2022 15:32:32
335, recive, [WinError 10054] An existing connection was forcibly closed by the remote host, 10/18/2022 15:32:32
336, recive, [WinError 10054] An existing connection was forcibly closed by the remote host, 10/18/2022 15:32:32
337, recive, [WinError 10054] An existing connection was forcibly closed by the remote host, 10/18/2022 15:32:32
338, recive, [WinError 10054] An existing connection was forcibly closed by the remote host, 10/18/2022 15:32:32
339, recive, [WinError 10054] An existing connection was forcibly closed by the remote host, 10/18/2022 15:32:32
340, recive, [WinError 10054] An existing connection was forcibly closed by the remote host, 10/18/2022 15:32:32
341, recive, [WinError 10054] An existing connection was forcibly closed by the remote host, 10/18/2022 15:32:32
342, recive, [WinError 10054] An existing connection was forcibly closed by the remote host, 10/18/2022 15:32:32
343, recive, [WinError 10054] An existing connection was forcibly closed by the remote host, 10/18/2022 15:32:32
344, recive, [WinError 10054] An existing connection was forcibly closed by the remote host, 10/18/2022 15:32:32
345, recive, [WinError 10054] An existing connection was forcibly closed by the remote host, 10/18/2022 15:32:32
346, recive, [WinError 10054] An existing connection was forcibly closed by the remote host, 10/18/2022 15:32:32
347, recive, [WinError 10054] An existing connection was forcibly closed by the remote host, 10/18/2022 15:32:32
348, recive, [WinError 10054] An existing connection was forcibly closed by the remote host, 10/18/2022 15:32:32
349, recive, [WinError 10054] An existing connection was forcibly closed by the remote host, 10/18/2022 15:32:32
350, recive, [WinError 10054] An existing connection was forcibly closed by the remote host, 10/18/2022 15:32:32
351, recive, [WinError 10054] An existing connection was forcibly closed by the remote host, 10/18/2022 15:32:32
352, recive, [WinError 10054] An existing connection was forcibly closed by the remote host, 10/18/2022 15:32:32
353, recive, [WinError 10054] An existing connection was forcibly closed by the remote host, 10/18/2022 15:32:32
354, recive, [WinError 10054] An existing connection was forcibly closed by the remote host, 10/18/2022 15:32:32
355, recive, [WinError 10054] An existing connection was forcibly closed by the remote host, 10/18/2022 15:32:32
356, recive, [WinError 10054] An existing connection was forcibly closed by the remote host, 10/18/2022 15:32:32
357, recive, [WinError 10054] An existing connection was forcibly closed by the remote host, 10/18/2022 15:32:32
358, recive, [WinError 10054] An existing connection was forcibly closed by the remote host, 10/18/2022 15:32:32
359, recive, [WinError 10054] An existing connection was forcibly closed by the remote host, 10/18/2022 15:32:32
360, recive, [WinError 10054] An existing connection was forcibly closed by the remote host, 10/18/2022 15:32:32
361, recive, [WinError 10054] An existing connection was forcibly closed by the remote host, 10/18/2022 15:32:32
362, recive, [WinError 10054] An existing connection was forcibly closed by the remote host, 10/18/2022 15:32:32
363, recive, [WinError 10054] An existing connection was forcibly closed by the remote host, 10/18/2022 15:32:32
364, recive, [WinError 10054] An existing connection was forcibly closed by the remote host, 10/18/2022 15:32:32
365, recive, [WinError 10054] An existing connection was forcibly closed by the remote host, 10/18/2022 15:32:32
366, recive, [WinError 10054] An existing connection was forcibly closed by the remote host, 10/18/2022 15:32:32
367, recive, [WinError 10054] An existing connection was forcibly closed by the remote host, 10/18/2022 15:32:32
368, recive, [WinError 10054] An existing connection was forcibly closed by the remote host, 10/18/2022 15:32:32
369, recive, [WinError 10054] An existing connection was forcibly closed by the remote host, 10/18/2022 15:32:32
370, recive, [WinError 10054] An existing connection was forcibly closed by the remote host, 10/18/2022 15:32:32
371, recive, [WinError 10054] An existing connection was forcibly closed by the remote host, 10/18/2022 15:32:32
372, recive, [WinError 10054] An existing connection was forcibly closed by the remote host, 10/18/2022 15:32:32
373, recive, [WinError 10054] An existing connection was forcibly closed by the remote host, 10/18/2022 15:32:32
374, recive, [WinError 10054] An existing connection was forcibly closed by the remote host, 10/18/2022 15:32:32
375, recive, [WinError 10054] An existing connection was forcibly closed by the remote host, 10/18/2022 15:32:32
376, recive, [WinError 10054] An existing connection was forcibly closed by the remote host, 10/18/2022 15:32:32
377, recive, [WinError 10054] An existing connection was forcibly closed by the remote host, 10/18/2022 15:32:32
378, recive, [WinError 10054] An existing connection was forcibly closed by the remote host, 10/18/2022 15:32:32
379, recive, [WinError 10054] An existing connection was forcibly closed by the remote host, 10/18/2022 15:32:32
380, recive, [WinError 10054] An existing connection was forcibly closed by the remote host, 10/18/2022 15:32:32
381, recive, [WinError 10054] An existing connection was forcibly closed by the remote host, 10/18/2022 15:32:32
382, recive, [WinError 10054] An existing connection was forcibly closed by the remote host, 10/18/2022 15:32:32
383, recive, [WinError 10054] An existing connection was forcibly closed by the remote host, 10/18/2022 15:32:32
384, recive, [WinError 10054] An existing connection was forcibly closed by the remote host, 10/18/2022 15:32:32
385, recive, [WinError 10054] An existing connection was forcibly closed by the remote host, 10/18/2022 15:32:32
386, recive, [WinError 10054] An existing connection was forcibly closed by the remote host, 10/18/2022 15:32:32
387, recive, [WinError 10054] An existing connection was forcibly closed by the remote host, 10/18/2022 15:32:32
388, recive, [WinError 10054] An existing connection was forcibly closed by the remote host, 10/18/2022 15:32:32
389, recive, [WinError 10054] An existing connection was forcibly closed by the remote host, 10/18/2022 15:32:32
390, recive, [WinError 10054] An existing connection was forcibly closed by the remote host, 10/18/2022 15:32:32
391, recive, [WinError 10054] An existing connection was forcibly closed by the remote host, 10/18/2022 15:32:32
392, recive, [WinError 10054] An existing connection was forcibly closed by the remote host, 10/18/2022 15:32:32
393, recive, [WinError 10054] An existing connection was forcibly closed by the remote host, 10/18/2022 15:32:32
394, recive, [WinError 10054] An existing connection was forcibly closed by the remote host, 10/18/2022 15:32:32
395, recive, [WinError 10054] An existing connection was forcibly closed by the remote host, 10/18/2022 15:32:32
396, recive, [WinError 10054] An existing connection was forcibly closed by the remote host, 10/18/2022 15:32:32
397, recive, [WinError 10054] An existing connection was forcibly closed by the remote host, 10/18/2022 15:32:32
398, recive, [WinError 10054] An existing connection was forcibly closed by the remote host, 10/18/2022 15:32:32
399, recive, [WinError 10054] An existing connection was forcibly closed by the remote host, 10/18/2022 15:32:32
400, recive, [WinError 10054] An existing connection was forcibly closed by the remote host, 10/18/2022 15:32:32
401, recive, [WinError 10054] An existing connection was forcibly closed by the remote host, 10/18/2022 15:32:32
402, recive, [WinError 10054] An existing connection was forcibly closed by the remote host, 10/18/2022 15:32:32
403, recive, [WinError 10054] An existing connection was forcibly closed by the remote host, 10/18/2022 15:32:32
404, recive, [WinError 10054] An existing connection was forcibly closed by the remote host, 10/18/2022 15:32:32
405, recive, [WinError 10054] An existing connection was forcibly closed by the remote host, 10/18/2022 15:32:32
406, recive, [WinError 10054] An existing connection was forcibly closed by the remote host, 10/18/2022 15:32:32
407, recive, [WinError 10054] An existing connection was forcibly closed by the remote host, 10/18/2022 15:32:32
408, recive, [WinError 10054] An existing connection was forcibly closed by the remote host, 10/18/2022 15:32:32
409, recive, [WinError 10054] An existing connection was forcibly closed by the remote host, 10/18/2022 15:32:33
410, recive, [WinError 10054] An existing connection was forcibly closed by the remote host, 10/18/2022 15:32:33
411, recive, [WinError 10054] An existing connection was forcibly closed by the remote host, 10/18/2022 15:32:33
412, recive, [WinError 10054] An existing connection was forcibly closed by the remote host, 10/18/2022 15:32:33
413, recive, [WinError 10054] An existing connection was forcibly closed by the remote host, 10/18/2022 15:32:33
414, recive, [WinError 10054] An existing connection was forcibly closed by the remote host, 10/18/2022 15:32:33
415, recive, [WinError 10054] An existing connection was forcibly closed by the remote host, 10/18/2022 15:32:33
416, recive, [WinError 10054] An existing connection was forcibly closed by the remote host, 10/18/2022 15:32:33
417, recive, [WinError 10054] An existing connection was forcibly closed by the remote host, 10/18/2022 15:32:33
418, recive, [WinError 10054] An existing connection was forcibly closed by the remote host, 10/18/2022 15:32:33
419, recive, [WinError 10054] An existing connection was forcibly closed by the remote host, 10/18/2022 15:32:33
420, recive, [WinError 10054] An existing connection was forcibly closed by the remote host, 10/18/2022 15:32:33
421, recive, [WinError 10054] An existing connection was forcibly closed by the remote host, 10/18/2022 15:32:33
422, recive, [WinError 10054] An existing connection was forcibly closed by the remote host, 10/18/2022 15:32:33
423, recive, [WinError 10054] An existing connection was forcibly closed by the remote host, 10/18/2022 15:32:33
424, recive, [WinError 10054] An existing connection was forcibly closed by the remote host, 10/18/2022 15:32:33
425, recive, [WinError 10054] An existing connection was forcibly closed by the remote host, 10/18/2022 15:32:33
426, recive, [WinError 10054] An existing connection was forcibly closed by the remote host, 10/18/2022 15:32:33
427, recive, [WinError 10054] An existing connection was forcibly closed by the remote host, 10/18/2022 15:32:33
428, recive, [WinError 10054] An existing connection was forcibly closed by the remote host, 10/18/2022 15:32:33
429, recive, [WinError 10054] An existing connection was forcibly closed by the remote host, 10/18/2022 15:32:33
430, recive, [WinError 10054] An existing connection was forcibly closed by the remote host, 10/18/2022 15:32:33
431, recive, [WinError 10054] An existing connection was forcibly closed by the remote host, 10/18/2022 15:32:33
432, recive, [WinError 10054] An existing connection was forcibly closed by the remote host, 10/18/2022 15:32:33
433, recive, [WinError 10054] An existing connection was forcibly closed by the remote host, 10/18/2022 15:32:33
434, recive, [WinError 10054] An existing connection was forcibly closed by the remote host, 10/18/2022 15:32:33
435, recive, [WinError 10054] An existing connection was forcibly closed by the remote host, 10/18/2022 15:32:33
436, recive, [WinError 10054] An existing connection was forcibly closed by the remote host, 10/18/2022 15:32:33
437, recive, [WinError 10054] An existing connection was forcibly closed by the remote host, 10/18/2022 15:32:33
438, recive, [WinError 10054] An existing connection was forcibly closed by the remote host, 10/18/2022 15:32:33
439, recive, [WinError 10054] An existing connection was forcibly closed by the remote host, 10/18/2022 15:32:33
440, recive, [WinError 10054] An existing connection was forcibly closed by the remote host, 10/18/2022 15:32:33
441, recive, [WinError 10054] An existing connection was forcibly closed by the remote host, 10/18/2022 15:32:33
442, recive, [WinError 10054] An existing connection was forcibly closed by the remote host, 10/18/2022 15:32:33
443, recive, [WinError 10054] An existing connection was forcibly closed by the remote host, 10/18/2022 15:32:33
444, recive, [WinError 10054] An existing connection was forcibly closed by the remote host, 10/18/2022 15:32:33
445, recive, [WinError 10054] An existing connection was forcibly closed by the remote host, 10/18/2022 15:32:33
446, recive, [WinError 10054] An existing connection was forcibly closed by the remote host, 10/18/2022 15:32:33
447, recive, [WinError 10054] An existing connection was forcibly closed by the remote host, 10/18/2022 15:32:33
448, recive, [WinError 10054] An existing connection was forcibly closed by the remote host, 10/18/2022 15:32:33
449, recive, [WinError 10054] An existing connection was forcibly closed by the remote host, 10/18/2022 15:32:33
450, recive, [WinError 10054] An existing connection was forcibly closed by the remote host, 10/18/2022 15:32:33
451, recive, [WinError 10054] An existing connection was forcibly closed by the remote host, 10/18/2022 15:32:33
452, recive, [WinError 10054] An existing connection was forcibly closed by the remote host, 10/18/2022 15:32:33
453, recive, [WinError 10054] An existing connection was forcibly closed by the remote host, 10/18/2022 15:32:33
454, recive, [WinError 10054] An existing connection was forcibly closed by the remote host, 10/18/2022 15:32:33
455, recive, [WinError 10054] An existing connection was forcibly closed by the remote host, 10/18/2022 15:32:33
456, recive, [WinError 10054] An existing connection was forcibly closed by the remote host, 10/18/2022 15:32:33
457, recive, [WinError 10054] An existing connection was forcibly closed by the remote host, 10/18/2022 15:32:33
458, recive, [WinError 10054] An existing connection was forcibly closed by the remote host, 10/18/2022 15:32:33
459, recive, [WinError 10054] An existing connection was forcibly closed by the remote host, 10/18/2022 15:32:33
460, recive, [WinError 10054] An existing connection was forcibly closed by the remote host, 10/18/2022 15:32:33
461, recive, [WinError 10054] An existing connection was forcibly closed by the remote host, 10/18/2022 15:32:33
462, recive, [WinError 10054] An existing connection was forcibly closed by the remote host, 10/18/2022 15:32:33
463, recive, [WinError 10054] An existing connection was forcibly closed by the remote host, 10/18/2022 15:32:33
464, recive, [WinError 10054] An existing connection was forcibly closed by the remote host, 10/18/2022 15:32:33
465, recive, [WinError 10054] An existing connection was forcibly closed by the remote host, 10/18/2022 15:32:33
466, recive, [WinError 10054] An existing connection was forcibly closed by the remote host, 10/18/2022 15:32:33
467, recive, [WinError 10054] An existing connection was forcibly closed by the remote host, 10/18/2022 15:32:33
468, recive, [WinError 10054] An existing connection was forcibly closed by the remote host, 10/18/2022 15:32:33
469, recive, [WinError 10054] An existing connection was forcibly closed by the remote host, 10/18/2022 15:32:33
470, recive, [WinError 10054] An existing connection was forcibly closed by the remote host, 10/18/2022 15:32:33
471, recive, [WinError 10054] An existing connection was forcibly closed by the remote host, 10/18/2022 15:32:33
472, recive, [WinError 10054] An existing connection was forcibly closed by the remote host, 10/18/2022 15:32:33
473, recive, [WinError 10054] An existing connection was forcibly closed by the remote host, 10/18/2022 15:32:33
474, recive, [WinError 10054] An existing connection was forcibly closed by the remote host, 10/18/2022 15:32:33
475, recive, [WinError 10054] An existing connection was forcibly closed by the remote host, 10/18/2022 15:32:33
476, recive, [WinError 10054] An existing connection was forcibly closed by the remote host, 10/18/2022 15:32:33
477, recive, [WinError 10054] An existing connection was forcibly closed by the remote host, 10/18/2022 15:32:33
478, recive, [WinError 10054] An existing connection was forcibly closed by the remote host, 10/18/2022 15:32:33
479, recive, [WinError 10054] An existing connection was forcibly closed by the remote host, 10/18/2022 15:32:33
480, recive, [WinError 10054] An existing connection was forcibly closed by the remote host, 10/18/2022 15:32:33
481, recive, [WinError 10054] An existing connection was forcibly closed by the remote host, 10/18/2022 15:32:33
482, recive, [WinError 10054] An existing connection was forcibly closed by the remote host, 10/18/2022 15:32:33
483, recive, [WinError 10054] An existing connection was forcibly closed by the remote host, 10/18/2022 15:32:33
484, recive, [WinError 10054] An existing connection was forcibly closed by the remote host, 10/18/2022 15:32:33
485, recive, [WinError 10054] An existing connection was forcibly closed by the remote host, 10/18/2022 15:32:33
486, recive, [WinError 10054] An existing connection was forcibly closed by the remote host, 10/18/2022 15:32:33
487, recive, [WinError 10054] An existing connection was forcibly closed by the remote host, 10/18/2022 15:32:33
488, recive, [WinError 10054] An existing connection was forcibly closed by the remote host, 10/18/2022 15:32:33
489, recive, [WinError 10054] An existing connection was forcibly closed by the remote host, 10/18/2022 15:32:33
490, recive, [WinError 10054] An existing connection was forcibly closed by the remote host, 10/18/2022 15:32:33
491, recive, [WinError 10054] An existing connection was forcibly closed by the remote host, 10/18/2022 15:32:33
492, recive, [WinError 10054] An existing connection was forcibly closed by the remote host, 10/18/2022 15:32:33
493, recive, [WinError 10054] An existing connection was forcibly closed by the remote host, 10/18/2022 15:32:33
494, recive, [WinError 10054] An existing connection was forcibly closed by the remote host, 10/18/2022 15:32:33
495, recive, [WinError 10054] An existing connection was forcibly closed by the remote host, 10/18/2022 15:32:33
496, recive, [WinError 10054] An existing connection was forcibly closed by the remote host, 10/18/2022 15:32:33
497, recive, [WinError 10054] An existing connection was forcibly closed by the remote host, 10/18/2022 15:32:33
498, recive, [WinError 10054] An existing connection was forcibly closed by the remote host, 10/18/2022 15:32:33
499, recive, [WinError 10054] An existing connection was forcibly closed by the remote host, 10/18/2022 15:32:33
500, recive, [WinError 10054] An existing connection was forcibly closed by the remote host, 10/18/2022 15:32:33
501, recive, [WinError 10054] An existing connection was forcibly closed by the remote host, 10/18/2022 15:32:33
502, recive, [WinError 10054] An existing connection was forcibly closed by the remote host, 10/18/2022 15:32:33
503, recive, [WinError 10054] An existing connection was forcibly closed by the remote host, 10/18/2022 15:32:33
504, recive, [WinError 10054] An existing connection was forcibly closed by the remote host, 10/18/2022 15:32:33
505, recive, [WinError 10054] An existing connection was forcibly closed by the remote host, 10/18/2022 15:32:33
506, recive, [WinError 10054] An existing connection was forcibly closed by the remote host, 10/18/2022 15:32:34
507, recive, [WinError 10054] An existing connection was forcibly closed by the remote host, 10/18/2022 15:32:34
508, recive, [WinError 10054] An existing connection was forcibly closed by the remote host, 10/18/2022 15:32:34
509, recive, [WinError 10054] An existing connection was forcibly closed by the remote host, 10/18/2022 15:32:34
510, recive, [WinError 10054] An existing connection was forcibly closed by the remote host, 10/18/2022 15:32:34
511, recive, [WinError 10054] An existing connection was forcibly closed by the remote host, 10/18/2022 15:32:34
512, recive, [WinError 10054] An existing connection was forcibly closed by the remote host, 10/18/2022 15:32:34
513, recive, [WinError 10054] An existing connection was forcibly closed by the remote host, 10/18/2022 15:32:34
514, recive, [WinError 10054] An existing connection was forcibly closed by the remote host, 10/18/2022 15:32:34
515, recive, [WinError 10054] An existing connection was forcibly closed by the remote host, 10/18/2022 15:32:34
516, recive, [WinError 10054] An existing connection was forcibly closed by the remote host, 10/18/2022 15:32:34
517, recive, [WinError 10054] An existing connection was forcibly closed by the remote host, 10/18/2022 15:32:34
518, recive, [WinError 10054] An existing connection was forcibly closed by the remote host, 10/18/2022 15:32:34
519, recive, [WinError 10054] An existing connection was forcibly closed by the remote host, 10/18/2022 15:32:34
520, recive, [WinError 10054] An existing connection was forcibly closed by the remote host, 10/18/2022 15:32:34
521, recive, [WinError 10054] An existing connection was forcibly closed by the remote host, 10/18/2022 15:32:34
522, recive, [WinError 10054] An existing connection was forcibly closed by the remote host, 10/18/2022 15:32:34
523, recive, [WinError 10054] An existing connection was forcibly closed by the remote host, 10/18/2022 15:32:34
524, recive, [WinError 10054] An existing connection was forcibly closed by the remote host, 10/18/2022 15:32:34
525, recive, [WinError 10054] An existing connection was forcibly closed by the remote host, 10/18/2022 15:32:34
526, recive, [WinError 10054] An existing connection was forcibly closed by the remote host, 10/18/2022 15:32:34
527, recive, [WinError 10054] An existing connection was forcibly closed by the remote host, 10/18/2022 15:32:34
528, recive, [WinError 10054] An existing connection was forcibly closed by the remote host, 10/18/2022 15:32:34
529, recive, [WinError 10054] An existing connection was forcibly closed by the remote host, 10/18/2022 15:32:34
530, recive, [WinError 10054] An existing connection was forcibly closed by the remote host, 10/18/2022 15:32:34
531, recive, [WinError 10054] An existing connection was forcibly closed by the remote host, 10/18/2022 15:32:34
532, recive, [WinError 10054] An existing connection was forcibly closed by the remote host, 10/18/2022 15:32:34
533, recive, [WinError 10054] An existing connection was forcibly closed by the remote host, 10/18/2022 15:32:34
534, recive, [WinError 10054] An existing connection was forcibly closed by the remote host, 10/18/2022 15:32:34
535, recive, [WinError 10054] An existing connection was forcibly closed by the remote host, 10/18/2022 15:32:34
536, recive, [WinError 10054] An existing connection was forcibly closed by the remote host, 10/18/2022 15:32:34
537, recive, [WinError 10054] An existing connection was forcibly closed by the remote host, 10/18/2022 15:32:34
538, recive, [WinError 10054] An existing connection was forcibly closed by the remote host, 10/18/2022 15:32:34
539, recive, [WinError 10054] An existing connection was forcibly closed by the remote host, 10/18/2022 15:32:34
540, recive, [WinError 10054] An existing connection was forcibly closed by the remote host, 10/18/2022 15:32:34
541, recive, [WinError 10054] An existing connection was forcibly closed by the remote host, 10/18/2022 15:32:34
542, recive, [WinError 10054] An existing connection was forcibly closed by the remote host, 10/18/2022 15:32:34
543, recive, [WinError 10054] An existing connection was forcibly closed by the remote host, 10/18/2022 15:32:34
544, recive, [WinError 10054] An existing connection was forcibly closed by the remote host, 10/18/2022 15:32:34
545, recive, [WinError 10054] An existing connection was forcibly closed by the remote host, 10/18/2022 15:32:34
546, recive, [WinError 10054] An existing connection was forcibly closed by the remote host, 10/18/2022 15:32:34
547, recive, [WinError 10054] An existing connection was forcibly closed by the remote host, 10/18/2022 15:32:34
548, recive, [WinError 10054] An existing connection was forcibly closed by the remote host, 10/18/2022 15:32:34
549, recive, [WinError 10054] An existing connection was forcibly closed by the remote host, 10/18/2022 15:32:34
550, recive, [WinError 10054] An existing connection was forcibly closed by the remote host, 10/18/2022 15:32:34
551, recive, [WinError 10054] An existing connection was forcibly closed by the remote host, 10/18/2022 15:32:34
552, recive, [WinError 10054] An existing connection was forcibly closed by the remote host, 10/18/2022 15:32:34
553, recive, [WinError 10054] An existing connection was forcibly closed by the remote host, 10/18/2022 15:32:34
554, recive, [WinError 10054] An existing connection was forcibly closed by the remote host, 10/18/2022 15:32:34
555, recive, [WinError 10054] An existing connection was forcibly closed by the remote host, 10/18/2022 15:32:34
556, recive, [WinError 10054] An existing connection was forcibly closed by the remote host, 10/18/2022 15:32:34
557, recive, [WinError 10054] An existing connection was forcibly closed by the remote host, 10/18/2022 15:32:34
558, recive, [WinError 10054] An existing connection was forcibly closed by the remote host, 10/18/2022 15:32:34
559, recive, [WinError 10054] An existing connection was forcibly closed by the remote host, 10/18/2022 15:32:34
560, recive, [WinError 10054] An existing connection was forcibly closed by the remote host, 10/18/2022 15:32:34
561, recive, [WinError 10054] An existing connection was forcibly closed by the remote host, 10/18/2022 15:32:34
562, recive, [WinError 10054] An existing connection was forcibly closed by the remote host, 10/18/2022 15:32:34
563, recive, [WinError 10054] An existing connection was forcibly closed by the remote host, 10/18/2022 15:32:34
564, recive, [WinError 10054] An existing connection was forcibly closed by the remote host, 10/18/2022 15:32:34
565, recive, [WinError 10054] An existing connection was forcibly closed by the remote host, 10/18/2022 15:32:34
566, recive, [WinError 10054] An existing connection was forcibly closed by the remote host, 10/18/2022 15:32:34
567, recive, [WinError 10054] An existing connection was forcibly closed by the remote host, 10/18/2022 15:32:34
568, recive, [WinError 10054] An existing connection was forcibly closed by the remote host, 10/18/2022 15:32:34
569, recive, [WinError 10054] An existing connection was forcibly closed by the remote host, 10/18/2022 15:32:34
570, recive, [WinError 10054] An existing connection was forcibly closed by the remote host, 10/18/2022 15:32:34
571, recive, [WinError 10054] An existing connection was forcibly closed by the remote host, 10/18/2022 15:32:34
572, recive, [WinError 10054] An existing connection was forcibly closed by the remote host, 10/18/2022 15:32:34
573, recive, [WinError 10054] An existing connection was forcibly closed by the remote host, 10/18/2022 15:32:34
574, recive, [WinError 10054] An existing connection was forcibly closed by the remote host, 10/18/2022 15:32:34
575, recive, [WinError 10054] An existing connection was forcibly closed by the remote host, 10/18/2022 15:32:34
576, recive, [WinError 10054] An existing connection was forcibly closed by the remote host, 10/18/2022 15:32:34
577, recive, [WinError 10054] An existing connection was forcibly closed by the remote host, 10/18/2022 15:32:34
578, recive, [WinError 10054] An existing connection was forcibly closed by the remote host, 10/18/2022 15:32:34
579, recive, [WinError 10054] An existing connection was forcibly closed by the remote host, 10/18/2022 15:32:34
580, recive, [WinError 10054] An existing connection was forcibly closed by the remote host, 10/18/2022 15:32:34
581, recive, [WinError 10054] An existing connection was forcibly closed by the remote host, 10/18/2022 15:32:34
582, recive, [WinError 10054] An existing connection was forcibly closed by the remote host, 10/18/2022 15:32:34
583, recive, [WinError 10054] An existing connection was forcibly closed by the remote host, 10/18/2022 15:32:34
584, recive, [WinError 10054] An existing connection was forcibly closed by the remote host, 10/18/2022 15:32:34
585, recive, [WinError 10054] An existing connection was forcibly closed by the remote host, 10/18/2022 15:32:34
586, recive, [WinError 10054] An existing connection was forcibly closed by the remote host, 10/18/2022 15:32:34
587, recive, [WinError 10054] An existing connection was forcibly closed by the remote host, 10/18/2022 15:32:34
588, recive, [WinError 10054] An existing connection was forcibly closed by the remote host, 10/18/2022 15:32:34
589, recive, [WinError 10054] An existing connection was forcibly closed by the remote host, 10/18/2022 15:32:34
590, recive, [WinError 10054] An existing connection was forcibly closed by the remote host, 10/18/2022 15:32:34
591, recive, [WinError 10054] An existing connection was forcibly closed by the remote host, 10/18/2022 15:32:34
592, recive, [WinError 10054] An existing connection was forcibly closed by the remote host, 10/18/2022 15:32:34
593, recive, [WinError 10054] An existing connection was forcibly closed by the remote host, 10/18/2022 15:32:34
594, recive, [WinError 10054] An existing connection was forcibly closed by the remote host, 10/18/2022 15:32:34
595, recive, [WinError 10054] An existing connection was forcibly closed by the remote host, 10/18/2022 15:32:34
596, recive, [WinError 10054] An existing connection was forcibly closed by the remote host, 10/18/2022 15:32:34
597, recive, [WinError 10054] An existing connection was forcibly closed by the remote host, 10/18/2022 15:32:34
598, recive, [WinError 10054] An existing connection was forcibly closed by the remote host, 10/18/2022 15:32:35
599, recive, [WinError 10054] An existing connection was forcibly closed by the remote host, 10/18/2022 15:32:35
600, recive, [WinError 10054] An existing connection was forcibly closed by the remote host, 10/18/2022 15:32:35
601, recive, [WinError 10054] An existing connection was forcibly closed by the remote host, 10/18/2022 15:32:35
602, recive, [WinError 10054] An existing connection was forcibly closed by the remote host, 10/18/2022 15:32:35
603, recive, [WinError 10054] An existing connection was forcibly closed by the remote host, 10/18/2022 15:32:35
604, recive, [WinError 10054] An existing connection was forcibly closed by the remote host, 10/18/2022 15:32:35
605, recive, [WinError 10054] An existing connection was forcibly closed by the remote host, 10/18/2022 15:32:35
606, recive, [WinError 10054] An existing connection was forcibly closed by the remote host, 10/18/2022 15:32:35
607, recive, [WinError 10054] An existing connection was forcibly closed by the remote host, 10/18/2022 15:32:35
608, recive, [WinError 10054] An existing connection was forcibly closed by the remote host, 10/18/2022 15:32:35
609, recive, [WinError 10054] An existing connection was forcibly closed by the remote host, 10/18/2022 15:32:35
610, recive, [WinError 10054] An existing connection was forcibly closed by the remote host, 10/18/2022 15:32:35
611, recive, [WinError 10054] An existing connection was forcibly closed by the remote host, 10/18/2022 15:32:35
612, recive, [WinError 10054] An existing connection was forcibly closed by the remote host, 10/18/2022 15:32:35
613, recive, [WinError 10054] An existing connection was forcibly closed by the remote host, 10/18/2022 15:32:35
614, recive, [WinError 10054] An existing connection was forcibly closed by the remote host, 10/18/2022 15:32:35
615, recive, [WinError 10054] An existing connection was forcibly closed by the remote host, 10/18/2022 15:32:35
616, recive, [WinError 10054] An existing connection was forcibly closed by the remote host, 10/18/2022 15:32:35
617, recive, [WinError 10054] An existing connection was forcibly closed by the remote host, 10/18/2022 15:32:35
618, recive, [WinError 10054] An existing connection was forcibly closed by the remote host, 10/18/2022 15:32:35
619, recive, [WinError 10054] An existing connection was forcibly closed by the remote host, 10/18/2022 15:32:35
620, recive, [WinError 10054] An existing connection was forcibly closed by the remote host, 10/18/2022 15:32:35
621, recive, [WinError 10054] An existing connection was forcibly closed by the remote host, 10/18/2022 15:32:35
622, recive, [WinError 10054] An existing connection was forcibly closed by the remote host, 10/18/2022 15:32:35
623, recive, [WinError 10054] An existing connection was forcibly closed by the remote host, 10/18/2022 15:32:35
624, recive, [WinError 10054] An existing connection was forcibly closed by the remote host, 10/18/2022 15:32:35
625, recive, [WinError 10054] An existing connection was forcibly closed by the remote host, 10/18/2022 15:32:35
626, recive, [WinError 10054] An existing connection was forcibly closed by the remote host, 10/18/2022 15:32:35
627, recive, [WinError 10054] An existing connection was forcibly closed by the remote host, 10/18/2022 15:32:35
628, recive, [WinError 10054] An existing connection was forcibly closed by the remote host, 10/18/2022 15:32:35
629, recive, [WinError 10054] An existing connection was forcibly closed by the remote host, 10/18/2022 15:32:35
630, recive, [WinError 10054] An existing connection was forcibly closed by the remote host, 10/18/2022 15:32:35
631, recive, [WinError 10054] An existing connection was forcibly closed by the remote host, 10/18/2022 15:32:35
632, recive, [WinError 10054] An existing connection was forcibly closed by the remote host, 10/18/2022 15:32:35
633, recive, [WinError 10054] An existing connection was forcibly closed by the remote host, 10/18/2022 15:32:35
634, recive, [WinError 10054] An existing connection was forcibly closed by the remote host, 10/18/2022 15:32:35
635, recive, [WinError 10054] An existing connection was forcibly closed by the remote host, 10/18/2022 15:32:35
636, recive, [WinError 10054] An existing connection was forcibly closed by the remote host, 10/18/2022 15:32:35
637, recive, [WinError 10054] An existing connection was forcibly closed by the remote host, 10/18/2022 15:32:35
638, recive, [WinError 10054] An existing connection was forcibly closed by the remote host, 10/18/2022 15:32:35
639, recive, [WinError 10054] An existing connection was forcibly closed by the remote host, 10/18/2022 15:32:35
640, recive, [WinError 10054] An existing connection was forcibly closed by the remote host, 10/18/2022 15:32:35
641, recive, [WinError 10054] An existing connection was forcibly closed by the remote host, 10/18/2022 15:32:35
642, recive, [WinError 10054] An existing connection was forcibly closed by the remote host, 10/18/2022 15:32:35
643, recive, [WinError 10054] An existing connection was forcibly closed by the remote host, 10/18/2022 15:32:35
644, recive, [WinError 10054] An existing connection was forcibly closed by the remote host, 10/18/2022 15:32:35
645, recive, [WinError 10054] An existing connection was forcibly closed by the remote host, 10/18/2022 15:32:35
646, recive, [WinError 10054] An existing connection was forcibly closed by the remote host, 10/18/2022 15:32:35
647, recive, [WinError 10054] An existing connection was forcibly closed by the remote host, 10/18/2022 15:32:35
648, recive, [WinError 10054] An existing connection was forcibly closed by the remote host, 10/18/2022 15:32:35
649, recive, [WinError 10054] An existing connection was forcibly closed by the remote host, 10/18/2022 15:32:35
650, recive, [WinError 10054] An existing connection was forcibly closed by the remote host, 10/18/2022 15:32:35
651, recive, [WinError 10054] An existing connection was forcibly closed by the remote host, 10/18/2022 15:32:35
652, recive, [WinError 10054] An existing connection was forcibly closed by the remote host, 10/18/2022 15:32:35
653, recive, [WinError 10054] An existing connection was forcibly closed by the remote host, 10/18/2022 15:32:35
654, recive, [WinError 10054] An existing connection was forcibly closed by the remote host, 10/18/2022 15:32:35
655, recive, [WinError 10054] An existing connection was forcibly closed by the remote host, 10/18/2022 15:32:35
656, recive, [WinError 10054] An existing connection was forcibly closed by the remote host, 10/18/2022 15:32:35
657, recive, [WinError 10054] An existing connection was forcibly closed by the remote host, 10/18/2022 15:32:35
658, recive, [WinError 10054] An existing connection was forcibly closed by the remote host, 10/18/2022 15:32:35
659, recive, [WinError 10054] An existing connection was forcibly closed by the remote host, 10/18/2022 15:32:35
660, recive, [WinError 10054] An existing connection was forcibly closed by the remote host, 10/18/2022 15:32:35
661, recive, [WinError 10054] An existing connection was forcibly closed by the remote host, 10/18/2022 15:32:35
662, recive, [WinError 10054] An existing connection was forcibly closed by the remote host, 10/18/2022 15:32:35
663, recive, [WinError 10054] An existing connection was forcibly closed by the remote host, 10/18/2022 15:32:35
664, recive, [WinError 10054] An existing connection was forcibly closed by the remote host, 10/18/2022 15:32:35
665, recive, [WinError 10054] An existing connection was forcibly closed by the remote host, 10/18/2022 15:32:35
666, recive, [WinError 10054] An existing connection was forcibly closed by the remote host, 10/18/2022 15:32:35
667, recive, [WinError 10054] An existing connection was forcibly closed by the remote host, 10/18/2022 15:32:35
668, recive, [WinError 10054] An existing connection was forcibly closed by the remote host, 10/18/2022 15:32:35
669, recive, [WinError 10054] An existing connection was forcibly closed by the remote host, 10/18/2022 15:32:35
670, recive, [WinError 10054] An existing connection was forcibly closed by the remote host, 10/18/2022 15:32:35
671, recive, [WinError 10054] An existing connection was forcibly closed by the remote host, 10/18/2022 15:32:35
672, recive, [WinError 10054] An existing connection was forcibly closed by the remote host, 10/18/2022 15:32:35
673, recive, [WinError 10054] An existing connection was forcibly closed by the remote host, 10/18/2022 15:32:35
674, recive, [WinError 10054] An existing connection was forcibly closed by the remote host, 10/18/2022 15:32:35
675, recivePackege, Checksum failure: expected b'|\n', calculated b'07', 10/18/2022 16:15:50
676, sendPakege, [WinError 10054] An existing connection was forcibly closed by the remote host, 10/18/2022 16:15:50
677, main, [WinError 10054] An existing connection was forcibly closed by the remote host, 10/18/2022 16:15:50
